Genes,KAN1,KAN4,AMP1,AMP9,CHL1,CHL9,CPR1,CPR9,DOX1,DOX5,ERY1,ERY6,FOX1,FOX8,TRM1,TRM7,NAL1,NAL8,NIT1,NIT7,TET1,TET7,TOB1,TOB9
thrC,1.091,0.975,0.81,-0.873,-0.617,-0.748,-1.368,-0.318,-0.687,-1.107,-1.168,-1.38,-1.293,-0.16,-0.368,-0.524,0.885,1.694,0.284,-0.698,-0.536,-0.555,0.252,0.186
dnaK,0.19,-0.968,-0.119,0.376,0.498,-0.097,-0.361,-0.19,0.335,-0.155,0.067,-0.6,0.361,0.331,0.172,0.721,-0.751,-0.42,-0.377,0.348,-0.735,-0.446,0.569,0.716
dnaJ,0.263,-0.797,0.754,-0.002,0.645,0.569,0.355,0.764,0.281,-0.131,0.118,-0.741,-0.072,-0.316,0.234,0.18,-0.749,-0.223,-0.323,0.341,-0.669,-0.181,0.311,0.795
rpsT,1.095,1.814,-0.499,-0.458,-1.216,-0.604,-1.338,0.312,0.277,0.106,0.094,0.357,-0.329,0.256,0.141,0.575,-0.134,-0.538,-0.575,-0.13,-1.238,-0.593,0.784,0.901
lspA,0.511,0.611,0.135,-0.635,-0.099,-0.056,-0.236,-0.18,0.114,0.054,0.345,-1.052,-0.451,-0.484,-0.14,0.124,-0.571,-0.135,-0.067,-0.252,-0.168,0.039,0.82,0.929
araD,-0.421,-0.234,0.613,-0.197,0.409,0.589,1.015,0.107,0.411,1.113,0.43,1.069,1.363,0.313,0.513,-0.219,0.22,0.673,-0.611,0.543,0.257,0.146,0.421,-0.305
leuB,2.18,2.316,0.851,-1.64,-1.008,-0.794,-2.125,3.171,-1.174,-0.335,0.518,-1.52,-1.337,-1.647,-0.838,-1.357,-2.371,-1.139,-2.442,-2.208,-1.872,-1.745,2.874,3.526
ilvH,0.805,0.844,0.537,0.104,-0.333,0.162,-1.417,-0.109,-0.116,0.432,0.167,-1.379,-1.304,-1.964,-0.507,-2.013,0.139,0.047,-3.311,-2.826,-1.161,-1.009,-0.058,-0.612
murD,0.347,0.388,-0.212,-0.003,0.675,0.037,0.736,0.255,-0.236,-0.013,-0.347,-0.732,0.012,-0.04,0.231,-0.425,-0.17,0.174,0.219,0.047,-0.222,0.385,0.436,0.708
murG,0.297,0.446,-0.215,0.107,0.453,-0.112,0.622,0.153,0.271,0.185,0.037,-0.4,0.286,0.141,0.138,-0.342,0.21,0.199,0.308,0.036,0.075,0.536,0.445,0.618
secA,-0.03,-0.1,-0.305,-0.645,-0.476,-0.005,0.317,-0.111,0.029,0.198,0.64,-0.778,0.26,0.154,0.183,0.062,0.079,-0.265,-0.317,-0.219,-0.215,-0.215,0.764,2.42
mutT,0.349,0.968,1.907,0.766,0.268,1.155,1.105,1.46,0.885,0.127,0.508,-0.58,0.701,-0.017,0.284,0.35,0.42,0.159,0.782,0.34,0.464,1.085,-0.013,0.281
coaE,1.091,0.851,0.691,-0.243,0.401,-0.025,0.153,-0.016,-0.416,-0.245,0.478,-0.427,0.219,0.204,-0.203,0.28,0.465,-0.084,-0.282,-0.211,-0.548,-0.871,0.7,0.725
nadC,0.773,1.201,0.943,0.319,0.483,0.065,0.693,0.318,-0.17,-0.168,-0.026,-0.358,0.512,-0.496,0.069,0.806,-0.204,-0.078,-0.203,-0.385,-0.169,-0.29,0.44,0.092
speE,0.696,0.816,-0.076,0.462,0.17,0.18,-0.28,0.705,0.446,0.027,1.057,2.593,0.031,-0.084,-0.068,0.682,0.427,-0.243,1.143,-0.183,0.265,0.971,0.36,-0.274
rpsB,-0.055,0.102,-0.947,-0.62,-0.542,-0.667,-1.468,-0.093,0.295,0.406,0.232,0.307,0.133,0.042,0.024,0.459,0.7,-0.322,0.796,0.348,-0.189,0.374,0.035,0.435
tsf,0.119,0.257,-0.914,-0.821,-0.579,-0.761,-1.549,-0.129,0.081,-0.132,0.172,0.034,0.142,-0.232,0.038,0.703,0.332,-0.358,0.566,-0.265,-0.136,0.215,-0.767,-0.19
pyrH,-0.904,-0.131,0.151,0.252,-0.055,0.168,-0.624,0.166,0.546,-0.297,0.183,0.468,-0.589,-0.883,-0.4,-0.326,0.243,0.027,1.333,0.281,0.48,1.432,-0.567,0.537
frr,0.607,0.182,-0.323,0.077,-0.349,-0.516,-0.803,-0.485,-0.017,-0.145,-0.326,0.075,0.099,0.868,0.152,0.836,0.396,-0.371,0.277,-0.006,0.041,0.003,-0.47,0.09
fabZ,-0.185,-0.006,0.125,-0.613,-0.125,-0.353,-0.531,-0.152,-0.352,-0.274,-0.076,-0.64,-0.15,-0.795,-0.39,-0.387,-0.33,-0.276,-0.546,-0.386,-0.61,-0.636,0.5,0.525
rnhB,-0.86,-0.238,0.209,-0.533,0.006,-0.363,-0.527,0.061,0.159,-0.202,0.244,0.311,0.915,0.133,0.716,0.609,-0.315,-0.079,0.24,0.322,-0.702,-0.192,-0.272,-0.375
dnaE,0.414,0.584,-0.015,-0.337,-0.056,-0.268,-0.694,-0.042,0.076,-0.38,-0.064,-0.184,0.167,-0.632,0.052,-0.023,-0.148,-0.16,0.688,0.116,-0.164,0.134,0.492,0.358
accA,1.103,1.094,0.07,-0.378,0.34,-0.001,-0.375,0.287,0.246,-0.057,0.184,0.092,0.21,-0.265,0.25,0.451,-0.031,0.04,0.435,0.239,0.099,0.246,0.574,0.782
tilS,0.065,-0.248,-0.394,-0.528,0.024,-0.408,-0.43,0.186,0.682,0.521,0.407,0.241,0.258,0.352,0.419,0.272,-0.469,-0.397,0.094,0.411,0.577,1.735,0.029,0.137
proS,0.891,1.51,0.445,-0.008,-0.131,-0.386,0.037,0.126,0.162,-0.093,0.415,0.35,0.238,0.175,0.246,0.214,-0.304,-0.275,-0.081,0.106,-0.207,0.05,0.622,0.428
proB,-0.132,-0.497,-0.594,-0.924,-0.127,-0.267,-1.185,-0.113,-0.539,0.113,0.281,-1.32,-0.777,-0.673,-0.158,0.038,-0.182,-0.011,-0.97,-0.185,-0.657,-1.25,0.264,0.04
proA,0.523,0.25,-0.462,-0.544,-0.141,-0.489,-0.931,0.029,-0.594,0.039,0.207,-0.747,-0.328,-0.28,0.246,0.586,-0.354,-0.265,-0.922,-0.167,-1.025,-1.438,0.339,0.348
lacA,2.437,2.04,-0.574,-0.03,-0.446,-0.742,0.089,0.073,-0.67,-0.108,0.629,-0.719,-1.757,0.404,-0.638,-0.405,0.612,-0.042,0.476,-0.421,1.429,1.293,1.446,1.601
proC,-0.315,-0.723,0.149,-0.212,0.89,0.083,-0.544,0.586,0.241,0.468,0.218,0.825,0.186,1.479,0.6,0.482,-0.378,-0.127,0.066,0.285,0.632,0.663,-1.503,-8.963
tgt,0.168,0.988,-0.617,-1.022,-0.495,-0.654,-0.876,-0.397,-0.191,-0.687,-0.103,0.06,-0.087,1.148,-0.423,-0.239,0.114,-0.144,0.663,-0.028,0.607,0.989,0.304,-0.178
yajC,1.859,2.25,-0.019,-0.42,-0.025,-0.641,-0.838,-0.629,-0.202,-0.385,-0.147,0.045,-0.156,0.723,0.027,0.513,0.037,-0.136,-0.079,-0.185,0.309,0.319,0.474,0.026
secD,0.296,0.803,-0.211,-0.634,-0.001,-0.419,-0.692,-0.553,-0.238,-0.538,-0.373,-0.883,-1.033,0.364,-0.401,-0.387,-0.355,-0.251,-0.234,-0.012,0.304,0.591,0.343,0.318
nrdR,0.365,0.672,0.321,0.256,1.09,-0.12,0.743,-0.371,-0.011,0.112,-0.113,0.58,1.042,1.036,-0.058,0.338,0.793,0.084,-0.383,-0.112,0.942,0.841,0.06,-0.165
ribD,0.271,0.612,0.436,0.203,0.991,-0.261,0.737,-0.352,0.596,0.578,0.184,0.826,1.438,1.297,0.325,0.568,0.841,0.05,-0.425,-0.036,0.788,0.799,0.149,0.394
ribE,1.085,1.786,0.73,0.09,0.982,0.203,-0.136,-0.112,-0.133,-0.419,-0.051,0.905,0.175,0.605,0.225,-0.084,-0.069,-0.075,-0.665,-0.445,-0.064,0.549,0.382,-0.055
nusB,0.772,1.523,0.612,0.058,0.994,0.149,-0.03,0.257,0.074,-0.311,0.316,0.452,-0.003,0.492,-0.124,-0.454,0.033,0.191,-0.23,-0.039,0.346,1.065,0.736,-0.031
thiI,-0.821,0.061,-0.567,-0.712,0.067,-0.61,-0.493,0.654,0.747,0.343,0.654,0.861,-0.569,0.158,-0.149,0.166,-0.29,-0.246,-0.527,0.055,0.568,1.257,0.242,0.25
tig,0.192,0.936,-0.518,-0.541,-0.168,-0.605,-0.483,-0.003,0.384,0.133,0.127,0.391,-0.137,0.873,0.313,0.788,-0.029,-0.191,0.24,-0.219,0.95,1.369,-0.838,-0.293
clpP,-0.305,-0.558,0.176,0.139,1.056,0.053,0.816,0.074,0.353,0.55,0.276,-0.551,0.272,1.098,-0.312,-0.2,0.296,-0.164,-0.159,-0.16,1.176,0.696,-0.179,0.133
dnaX,-0.153,0.019,-0.213,-0.658,0.21,-0.446,-0.056,-0.352,-0.448,-0.362,0.22,-0.122,0.021,-0.519,0.175,0.072,-0.003,0.023,-0.399,-0.019,0.055,0.18,0.243,0.508
adk,2.32,2.501,0.666,-0.549,0.931,-0.429,0.275,0.494,0.084,0.027,0.927,0.757,-1.013,0.549,0.307,0.774,-0.783,-0.337,-0.442,-0.245,0.341,0.706,1.477,1.256
purK,0.954,2.277,-0.77,-0.688,0.098,-0.613,-1.611,0.549,0.257,-0.265,0.289,-0.609,-0.662,-0.17,0.373,-0.072,-1.736,-0.029,-0.705,-0.024,-0.843,0.499,2.256,1.469
purE,0.293,1.667,-0.945,-0.828,0.113,-0.717,-1.701,0.632,0.614,0.222,0.55,-0.644,-1.033,-0.281,0.489,-0.079,-1.577,0.045,-0.879,-0.024,-0.669,0.614,1.642,1.084
ppiB,0.417,0.477,-0.075,-0.141,0.361,0.065,-0.041,0.061,-1.436,-0.991,-0.184,-0.623,-0.83,0.795,-0.399,0.247,-0.073,-0.293,-0.348,-0.648,-1.351,-1.17,0.374,0.614
cysS,0.584,0.836,-0.592,-0.857,0.504,-0.567,-0.541,0.333,0.149,0.156,1.023,0.833,0.052,0.355,0.222,0.367,-0.072,-0.081,-0.91,-0.338,0.16,0.113,0.557,-0.036
ybcJ,-0.688,-0.237,0.727,0.195,0.021,-0.17,-0.139,0.455,0.201,0.187,0.692,0.955,1.076,0.71,1.294,1.177,-0.34,0.276,-0.169,-0.02,0.108,0.398,-0.262,-0.35
folD,1.247,1.493,0.831,0.367,-0.047,0.062,-0.289,0.288,-0.15,-0.336,0.172,0.223,-0.058,0.045,0.284,0.686,-0.149,-0.037,-0.342,-0.298,-0.141,-0.056,0.683,0.577
dacA,0.214,1.073,0.185,-0.083,0.044,-0.113,0.696,0.391,0.599,0.042,0.302,-0.044,1.1,1.137,0.007,0.435,-0.244,-0.344,-0.381,0.899,0.127,0.382,-0.345,-0.044
rlmH,-0.373,-0.412,-0.402,-0.938,-0.321,-0.404,0.577,0.649,1.469,1.021,0.796,0.881,1.194,1.244,0.155,0.147,0.329,-0.038,-0.206,0.813,0.429,1.397,0.367,-0.17
rsfS,-0.256,-0.159,-0.311,-0.803,-0.109,-0.357,0.748,0.708,1.485,1.011,0.862,1.233,1.323,1.275,0.294,0.32,0.311,-0.099,-0.265,0.836,0.55,1.693,-0.175,-0.958
nadD,0.64,1.068,0.202,-0.273,-0.515,-0.338,-0.456,0.055,0.149,-0.225,0.176,-0.217,0.386,0.646,0.278,0.128,-0.159,-0.498,1.03,0.63,-0.646,-0.286,0.897,0.48
holA,-0.4,0.13,0.208,-0.066,-0.256,-0.273,-0.651,-0.178,0.678,0.511,0.079,-0.365,0.326,0.554,0.208,-0.243,-0.113,-0.23,0.935,0.474,-0.387,-0.012,0.381,0.212
leuS,0.663,0.636,0.186,-0.06,0.051,-0.229,0.094,0.282,-0.067,0.02,0.168,0.203,1.144,1.03,0.247,0.105,-0.095,-0.148,-0.035,0.004,-0.246,-0.307,0.518,0.514
ybeY,0.141,0.308,-0.012,0.29,0.895,-0.239,0.156,-0.142,-0.176,-0.375,-0.505,0.276,0.422,0.252,0.355,-0.197,-0.077,-0.347,0.313,0.111,-0.611,-0.157,0.409,0.187
nagA,-0.086,-0.165,-0.473,-0.387,-0.061,-0.144,-0.409,-0.655,-0.479,-0.591,0.622,-0.03,0.033,0.123,0.293,0.122,0.044,-0.271,1.166,0.792,-0.323,-0.643,0.069,-0.204
sdhA,-1.102,0.108,0.917,1.082,2.007,2.046,2.053,0.43,2.103,0.683,-0.873,0.94,0.335,1.728,0.347,0.752,0.931,0.466,3.08,-0.942,5.413,3.77,-0.535,-2.847
galM,0.088,0.209,-0.467,-0.347,0.209,-0.267,-0.722,-1.284,-0.034,-0.007,-0.028,0.281,-0.126,0.3,-0.046,-0.484,-0.359,-0.025,0.019,-0.045,-0.218,-0.236,0.906,0.034
galK,-0.223,0.512,1.035,0.123,1.277,1.161,0.97,-0.314,0.034,0.158,-0.045,0.95,-0.459,0.399,-0.323,-0.857,0.258,0.616,-0.463,-0.664,-0.123,0.142,0.998,-1.08
galE,0.289,1.425,1.589,0.423,1.44,1.285,1.458,0.628,0.289,0.014,0.419,1.702,0.626,1.063,0.201,0.09,0.769,0.444,-0.296,-0.763,0.243,0.855,0.861,-0.979
dinG,-0.591,0.101,0.381,0.239,0.519,0.448,1.237,0.463,0.513,0.493,0.572,0.345,0.622,-0.171,0.044,0.488,0.369,0.3,0.076,-0.201,0.476,0.209,0.616,0.221
clpA,-0.205,-1.248,0.424,0.405,0.924,0.567,1.995,0.725,-0.238,0.874,0.269,1.539,2.012,1.812,0.452,0.768,1.051,0.44,-0.075,0.477,0.765,-0.69,-0.509,0.229
infA,1.534,2.355,-0.565,-0.235,-0.237,-0.639,-0.333,0.762,0.87,0.343,0.388,0.529,-0.757,-0.995,-0.087,0.223,0.064,-0.391,-0.003,0.179,-0.437,0.502,0.875,0.538
rarA,-0.503,-0.232,0.066,-0.415,0.052,-0.265,0.33,0.107,0.453,0.569,0.309,-0.048,-0.041,0.123,0.313,0.192,0.28,-0.157,-0.164,-0.152,-0.245,0.259,0.167,-0.61
pflA,0.46,0.612,0.31,-0.062,0.263,-0.325,0.607,0.487,0.288,0.099,0.436,1.004,0.741,0.514,0.227,0.865,0.436,-0.603,-0.918,0.499,-1.361,-1.065,-0.437,-0.3
rpsA,-0.467,0.686,-0.224,-0.142,0.205,-0.198,-0.381,0.145,0.408,-0.12,-0.085,-0.019,-0.581,-0.22,0.307,0.176,-0.258,-0.232,1.253,0.524,-0.013,1.137,0.542,-0.177
pepN,0.276,0.069,0.918,0.28,0.184,0.657,1.653,-0.018,0.476,0.503,0.265,-0.035,0.719,0.703,0.245,0.084,0.636,0.476,0.664,0.554,2.046,1.333,0.719,0.273
pyrC,1.782,2.665,1.353,1.262,0.115,-0.004,-2.195,0.077,0.805,-0.084,1.217,-1.154,-0.797,-1.333,-0.064,1.147,-0.985,-0.479,1.485,0.711,0.096,1.363,1.526,1.213
rpmF,-0.187,0.491,-0.724,-0.556,-0.631,-0.024,-0.568,0.18,0.153,0.033,0.073,0.356,-0.24,-0.353,-0.314,0.227,0.548,-0.362,-0.14,-0.565,0.01,-0.069,-0.24,-0.466
plsX,-0.723,-0.022,-0.903,-0.7,-0.844,-0.328,-1.217,-0.277,-0.223,-0.425,-0.48,-0.365,-0.994,-0.987,-0.236,-0.322,-0.165,-0.056,0.026,-0.003,-0.493,0.111,0.009,-0.105
fabG,-0.771,-0.169,-0.155,0.009,0.303,0.183,-0.391,-0.028,-0.179,-0.474,-0.333,-0.678,-0.177,-0.297,-0.022,-0.193,0.198,-0.058,0.51,0.073,0.146,0.135,0.381,-0.156
acpP,0.258,0.68,-0.105,0.183,0.003,-0.424,-0.473,-0.6,-0.061,-0.057,-0.323,-0.53,0.116,0.821,-0.012,0.339,0.523,-0.184,0.359,0.326,0.024,0.231,1.215,0.62
fabF,0.24,0.751,0.034,-0.019,-0.109,-0.137,-0.184,-0.167,0.519,-0.061,0.484,0.062,0.576,0.41,0.145,0.1,0.476,-0.393,0.316,0.134,-0.187,-0.028,0.779,0.409
tmk,0.628,0.925,0.343,-0.171,-0.02,-0.46,0.323,0.182,0.57,0.37,0.736,0.547,0.724,0.528,0.58,0.746,0.063,-0.31,-0.227,-0.028,-0.404,-0.257,0.796,0.419
holB,-0.427,0.116,0.261,-0.194,0.028,-0.287,0.363,0.171,0.406,0.22,0.429,0.118,0.236,-0.019,0.121,0.244,0.107,-0.167,0.046,0.026,-0.27,-0.076,0.214,0.385
mfd,-0.808,-0.036,0.595,0.654,0.804,0,-0.632,-0.52,0.166,-0.026,-0.335,-0.278,-0.092,-0.787,0.173,0.221,-0.065,-0.162,0.154,0.142,-0.116,0.168,0.087,0.228
purB,-0.062,1.591,0.293,0.254,1.44,0.212,-0.109,0.951,0.234,-0.432,0.488,-0.248,-1.321,-1.438,-0.125,0.086,-1.019,-0.104,0.894,-0.445,-0.327,0.513,0.889,0.41
mnmA,-0.311,0.644,-0.037,-0.283,0.485,-0.373,-0.281,0.382,0.342,0.308,0.537,1.475,-0.297,-0.357,0.276,0.347,-0.036,-0.272,-0.821,0.006,-0.938,-0.226,0.008,0.03
ychF,0.964,1.737,0.607,-0.024,0.766,-0.163,0.009,0.52,0.325,0.018,0.161,1.231,0.181,0.378,0.27,0.526,0.526,-0.157,-0.228,0.133,-0.777,-0.427,0.851,0.469
pth,0.367,1.041,0.546,0.129,0.853,-0.084,-0.696,0.185,-0.162,-0.349,-0.422,0.665,-0.509,-0.387,0.015,0.285,-0.208,-0.289,-0.199,0.088,-0.969,-0.346,0.368,0.473
prfA,0.561,1.388,-0.088,-0.346,0.336,-0.557,0.369,0.411,-0.113,-0.112,0.972,0.173,0.428,-0.307,0.177,1.021,0.139,-0.574,-0.627,0.12,-1.154,-0.688,0.785,0.105
galU,1.023,1.285,-0.298,0.004,-0.446,-0.23,-0.08,0.23,-0.432,0.24,-0.154,-0.756,0.565,0.15,0.033,-0.106,-0.384,0.028,0.45,-0.268,0.981,1.967,0.23,0.046
tdk,2.177,2.536,0.253,-0.25,0.318,0.089,-0.403,0.328,-0.647,-0.68,-0.589,-0.209,-0.632,-0.198,0.094,0.314,0.068,-0.014,0.098,0.204,-0.99,-0.647,1.744,1.068
trpA,2.419,-0.986,1.01,-2.181,-2.359,-0.566,-1.166,0.522,3.594,1.553,0.44,2.452,4.775,4.824,0.288,1.118,1.139,-1.197,-0.198,1.346,0.152,0.35,1.634,0.435
trpB,2.626,-0.795,1.245,-2.201,-2.273,-0.244,-1.244,0.733,3.534,1.191,0.245,2.177,5.085,4.955,0.454,0.846,1.163,-0.957,0.215,2.004,0.287,0.602,1.689,0.129
trpC,3.419,-0.274,1.529,-2.373,-2.168,0.537,-0.741,1.364,3.106,0.208,0.432,1.113,5.482,5.047,0.538,0.191,1.096,-0.412,1.285,3.395,1.031,1.542,1.946,0.073
trpD,3.076,-0.2,1.62,-2.914,-2.302,0.489,-0.395,1.557,3.734,0.425,1.422,1.433,5.768,5.562,0.781,-0.083,0.617,-0.777,1.744,3.427,0.588,1.134,1.792,-0.153
trpE,3.084,0.036,1.277,-3.094,-2.393,0.285,-0.289,1.58,4.192,0.78,2.174,1.812,6.09,5.701,0.711,-0.535,0.714,-0.819,3.16,3.331,0.803,1.33,1.75,0.031
rluB,-0.19,0.23,-1.213,-1.28,-0.999,-1.011,-1.716,0.202,0.197,0.003,0.392,1.268,-0.312,-0.888,-0.08,-0.034,-0.015,0.195,0.027,0.199,0.055,0.697,-0.114,-0.291
pyrF,-0.606,0.694,1.264,0.902,0.106,0.434,0,1.603,1.351,0.531,1.345,1.936,0.393,-0.34,0.396,0.804,-0.295,-0.555,0.697,0.887,-0.001,1.605,-0.288,0.099
tehB,0.947,0.821,0.001,-0.239,0.375,0.047,-0.878,-0.461,-0.487,0.042,0.012,0.048,-0.755,-0.174,0.007,0.425,0.166,-0.181,-0.402,-0.741,-0.72,-0.404,-0.041,-0.825
marR,1.253,1.323,0.336,4.799,0.361,5.499,-0.111,6.186,6.415,6.267,0.801,1.357,0.361,2.076,0.05,1.373,1.089,5.015,0.794,1.03,5.694,6.15,-0.153,1.142
manA,-0.489,-0.881,0.808,0.282,0.459,0.2,0.122,-0.072,-0.337,0.522,0.566,0.365,0.968,0.028,-0.103,0.43,-0.123,-0.212,-0.72,-0.353,0.515,1.428,-0.461,0.067
ydhF,-1.265,-0.321,0.59,0.539,0.174,0.611,-0.038,-0.05,-0.934,-0.202,-1.511,-0.186,-0.819,-0.116,0.227,-0.759,-0.409,0.601,-0.197,-0.099,-1.131,-1.418,-0.411,-1.437
gloA,1.692,1.416,0.866,0.41,0.647,0.239,0.713,0.321,-1.018,-0.325,-0.007,0.564,0.156,0.754,0.417,-0.054,-0.05,0.017,-0.477,-0.202,-0.828,-0.942,0.53,0.269
purR,0.271,0.451,-1.039,-1.021,-0.898,-0.467,-1.415,-0.166,-0.243,-0.092,0.159,-0.988,-1.109,-0.663,-0.213,0.145,-1.281,-0.231,-0.976,-0.164,-0.849,-0.728,0.427,1.653
ribC,0.591,-0.219,-0.101,-0.342,0.66,-0.177,-0.344,0.128,-0.726,-0.041,0.169,-1.094,-0.903,-0.435,-0.401,0,-0.416,-0.343,-0.858,-0.631,-0.752,-0.956,0.736,0.825
sufS,-1.506,-2.399,-1.493,0.762,-0.955,-1.196,-1.324,-1.482,0.334,0.228,-0.507,0.242,0.498,0.33,0.702,-1.298,0.886,-0.715,1.158,0.573,0.947,1.029,-2.33,-0.93
sufD,-1.973,-3.094,-1.906,1.003,-1.131,-1.176,-1.591,-1.841,0.574,0.232,-0.714,0.309,0.849,0.652,0.885,-1.954,0.857,-0.751,1.295,0.77,1.27,1.163,-3.022,-1.388
sufC,-2.683,-3.58,-2.113,0.959,-1.081,-1.106,-1.997,-2.144,0.4,0.032,-0.872,-0.041,0.479,0.173,0.435,-2.562,0.846,-0.764,1.255,0.765,1.67,1.646,-2.92,-1.023
sufB,-2.045,-3.844,-2.503,0.934,-1.189,-1.034,-1.779,-2.446,0.643,0.014,-0.965,0.072,0.499,0.485,0.641,-2.518,1.021,-0.352,1.877,0.881,1.947,1.767,-2.876,-0.674
ppsA,1.092,0.674,0.033,1.065,-1.127,-1.564,-2.582,-0.976,0.078,0.261,-0.108,-0.885,-0.39,-1.755,-0.421,0.597,-0.385,-0.484,2.403,0.144,1.731,3.106,2.32,2.517
pheT,0.833,0.797,-0.132,0.114,0.017,-0.142,-0.214,0.208,-0.465,-0.471,0.422,-0.143,-0.172,0.313,0.366,0.056,-0.336,-0.034,0.825,0.214,0.054,0.332,0.932,0.505
pheS,0.608,1.044,0.059,-0.552,-0.042,-0.075,-1.105,0.337,-0.422,-0.358,0.711,-0.993,-1.264,-0.905,0.031,-0.274,-0.419,-0.184,0.372,-0.036,-0.28,-0.041,1.591,0.739
rplT,0.561,0.813,-0.49,-0.611,-0.708,-0.449,-1.162,-0.652,-0.1,-0.209,-0.577,-0.953,-0.677,-0.307,-0.003,-0.086,0.039,-0.358,0.361,-0.183,-0.334,-0.067,-0.169,-0.308
infC,0.075,0.049,-0.521,-0.265,-0.019,-0.555,-0.528,-0.097,-0.11,-0.026,-0.328,-0.255,-0.19,0.119,0.195,0.084,0.206,-0.078,0.612,0.401,-0.168,0.05,-0.538,-0.4
pabB,0.334,0.233,0.036,-0.029,0.252,-0.361,-0.117,0.438,0.278,0.317,0.443,0.353,-0.475,-0.584,-0.108,0.107,-0.253,-0.341,0.265,0.39,-0.493,-0.159,0.179,0.49
ruvB,-0.155,-0.367,-0.143,-0.154,0.01,-0.223,-0.161,0.062,0.215,0.435,0.189,0.049,-0.236,0.259,0.166,0.584,0.093,0.19,0.084,0.065,0.272,0.234,-0.084,0.492
ruvA,0.123,-0.292,0.304,0.042,0.181,-0.045,0.335,0.279,-0.139,0.062,0.187,0.422,0.128,0.287,0.157,0.719,0.219,0.123,-0.23,-0.209,0.04,-0.12,0.133,0.143
aspS,-0.961,-0.533,-0.329,-0.27,-0.083,-0.303,0.829,0.446,-0.455,-0.057,0.215,0.462,0.077,-0.011,0.294,0.436,-0.193,0.226,-0.645,-0.101,-0.417,-0.502,-0.205,0.301
argS,0.166,0.059,-0.092,-0.327,0.529,-0.254,-0.953,0.263,0.146,0.241,0.341,0.912,0.025,-0.283,0.175,0.403,-0.255,-0.205,-0.611,-0.006,-0.632,-0.33,-0.127,0.156
pgsA,0.129,-0.134,0.837,0.293,-0.346,-0.193,0.075,-0.592,-0.266,-0.321,-0.321,-0.665,-0.48,-0.908,-0.16,-0.336,0.379,0.234,-0.139,-0.366,0.232,-0.057,-0.027,0.077
gnd,0.636,-0.891,0.582,-0.199,1.063,0.204,-0.494,0.183,-0.539,-0.174,-0.083,-0.573,-0.053,0.084,-0.037,0.314,-0.339,-0.109,0.17,-0.12,-0.362,0.1,0.095,0.293
gatB,0.654,1.348,2.099,0.668,1.121,2.351,-1.724,-1.081,-2.35,-0.976,-2.433,-0.826,-1.784,-1.526,-0.124,-1.5,-2.3,1.009,-4.203,-2.075,-2.633,-2.22,1.077,-1.558
gatA,0.369,0.63,2.64,1.015,0.846,2.135,-1.686,-0.962,-1.913,-0.513,-2.002,-0.421,-1.324,-1.17,0.119,-1.05,-2.096,0.439,-3.886,-2.154,-2.458,-1.982,0.516,-1.977
thiD,0.557,0.064,-0.189,-0.192,0.579,0.455,0.252,0.151,0.32,0.576,0.428,0.54,0.449,0.162,0.422,0.667,0.643,0.505,0.837,0.656,0.839,0.767,0.309,0.664
thiM,0.85,0.152,-0.232,-0.263,0.716,0.955,-0.288,0.409,0.621,0.337,0.417,-0.187,-0.489,-0.606,-0.461,0.116,0.393,0.231,0.524,0.577,0.48,0.446,0.27,0.651
metG,0.879,0.798,-0.105,-0.597,0.399,-0.197,-0.23,0.499,-0.41,-0.105,0.307,0.029,-0.169,-0.607,0.044,0.442,-0.203,-0.241,-0.602,-0.282,-0.678,-0.587,1.171,0.709
cdd,-1.975,-3.365,-0.131,0.553,0.6,-0.145,1.315,0.485,-0.395,0.146,-0.839,-0.231,0.887,0.065,0.525,0.332,0.424,1.034,-1.367,0.029,0.281,-0.473,-2.594,-1.023
fruK,-1.038,-0.434,1.439,1.11,1.364,3.168,3.64,2.361,0.138,1.069,-1.849,3.737,2.823,2.557,0.955,-1.117,2.088,1.316,1.143,2.339,1.223,0.505,-2.208,-4.054
ackA,0.657,1.063,1.077,0.112,0.504,0.41,0.242,1.22,-0.553,0.424,0.609,0.457,-0.19,-0.335,0.077,0.775,0.094,0.167,-1.637,-0.006,-1.575,-1.801,0.45,-0.364
purF,0.745,1.753,-0.192,-0.177,-0.076,-0.397,-0.781,0.783,0.404,-0.339,0.216,-0.526,-0.639,-1.054,-0.293,0.223,-0.962,-0.082,0.392,0.358,-0.081,0.67,1.273,1.255
accD,-0.089,-0.131,-0.035,-0.211,0.088,-0.19,-0.524,-0.036,0.028,-0.014,0.167,0.174,-0.079,0.061,0.402,0.571,-0.327,-0.217,0.123,0.268,-0.089,0.108,-0.358,0.569
gltX,0.188,0.314,0.258,-0.122,0.057,-0.551,-1.395,-0.262,-0.265,-0.368,-0.143,0.315,-0.062,-0.541,0.165,0.421,-0.44,-0.272,-0.204,0.016,-0.811,-0.466,-0.462,-0.207
ligA,-0.419,-0.948,0.747,-0.455,-0.606,-0.192,1.282,0.307,1.178,0.982,2.28,-1.12,0.585,0.357,0.518,0.189,0.861,-0.083,0.043,0.27,0.864,0.713,-0.815,0.186
eutD,-0.066,0.22,-0.223,-0.046,0.564,0.406,0.518,-0.038,-0.821,-0.692,-0.5,0.074,0.011,-0.633,-0.064,0.244,-0.253,0.174,-0.122,-0.181,-0.555,-0.568,0.243,-0.281
purC,2.014,1.502,0.746,0.485,0.387,-0.689,-0.26,0.06,-0.032,-0.709,0.758,-1.411,-0.994,-1.193,-0.077,0.516,-1.175,0.051,0.082,0.084,0.228,0.584,1.641,1.427
dapA,0.554,0.08,0.542,0.218,0.147,-0.244,0.954,0.005,0.031,0.15,0.475,0.165,0.422,0.154,0.202,0.596,0.323,0.085,0,0.093,0.038,-0.152,-0.081,0.347
upp,1.059,1.933,-0.285,1.278,0.042,-0.07,2.12,2.067,1.156,0.27,0.82,1.24,0.3,-0.592,0.349,0.756,0.324,-0.349,0.395,0.532,0.652,1.468,-0.163,1.329
purM,1.13,1.953,-0.341,-0.587,0.447,-0.273,-1.031,0.463,0.049,-0.416,0.129,-0.874,-0.976,-0.953,0.17,0.276,-1.901,-0.093,-0.406,0.194,-0.738,-0.03,0.96,0.893
purN,0.656,1.188,-0.077,-0.379,0.83,0.2,-0.443,1.017,0.288,-0.093,0.051,-0.985,-0.853,-1.2,-0.379,0.073,-0.865,-0.436,-0.314,-0.034,-0.489,0.162,1.085,0.921
guaB,0.123,0.672,2.368,1.582,1.072,1.48,0.807,2.973,0.067,-0.643,0.347,0.38,0.581,-1.079,-0.041,0.473,-1.122,-0.135,0.914,0.932,-0.73,-0.163,-1.711,2.038
hisS,0.187,-0.091,0.317,-0.221,-0.05,-0.099,-0.125,-0.039,-0.036,0.01,0.277,-0.262,0.005,0.069,0.033,-0.043,0.007,0,0.049,0.256,0.021,0.07,0.049,0.181
rlmN,-0.22,0.23,-0.915,-1.028,-1.111,-1.004,-1.066,0.106,0.186,0.084,0.644,1.079,-0.016,-0.51,0.178,0.402,-0.023,-0.044,-0.177,-0.171,-0.613,-0.16,0.045,0.097
ndk,0.169,2.345,1.175,0.991,0.003,1.197,-0.269,0.983,0.646,-0.601,0.436,0.266,-1.488,-0.349,-0.002,-0.405,-0.574,0.006,1.902,-0.533,1.257,1.891,-0.152,-1.359
glyA,0.448,0.79,0.256,0.074,0.904,-0.219,-0.028,0.928,0.523,0.433,0.579,0.17,-0.45,-0.094,0.23,0.357,-0.946,-0.025,0.083,-0.121,0.429,0.112,0.36,0.249
tadA,0.092,-0.016,0.554,-0.37,0.228,-0.381,-0.369,0.079,0.723,0.09,0.719,1.484,0.673,0.427,1.581,0.615,0.414,-0.088,2.28,1.601,0.234,0.785,-0.577,-0.114
recO,0.209,-0.092,-0.268,-0.221,-0.631,-0.162,-0.662,0.033,-0.391,-0.422,0.047,-0.531,-0.366,-0.54,-0.126,0.047,-0.504,-0.348,-0.578,-0.533,-0.823,-0.829,0.648,0.611
rluD,-1.515,-1.234,-0.208,-0.436,-0.595,-0.177,0.159,-0.059,-0.746,-0.409,0.158,0.039,-0.214,-0.052,0.212,0.113,-0.126,-0.411,0.093,0.07,-1.134,-0.654,-0.9,-0.156
raiA,1.839,0.703,0.251,0.654,2.113,1.031,3.275,0.317,-1.252,0.585,-1.121,1.536,2.112,0.899,-0.108,0.518,1.058,0.608,-0.612,-0.327,-0.529,-2.088,-0.727,-2.136
trmD,0.285,0.715,-0.617,-0.178,-0.531,-0.425,-1.105,-0.304,-0.089,-0.8,-0.004,0.118,-0.358,-0.691,0.316,-0.004,0.215,-0.047,0.933,0.162,0.192,0.551,-0.599,-0.572
rimM,-0.174,0.312,-0.476,-0.265,-0.537,-0.199,-0.905,-0.253,-0.43,-0.823,-0.347,0.113,-0.651,-1.128,-0.096,-0.376,0.185,-0.011,0.644,0.212,-0.021,0.482,-0.06,-0.037
rpsP,-0.221,0.348,-0.297,-0.282,-0.532,-0.212,-0.949,-0.104,-0.18,-0.632,-0.294,0.214,-0.873,-1.222,-0.193,-0.301,0.275,-0.168,0.397,-0.069,-0.23,0.144,-0.955,-0.584
grpE,-0.18,-0.916,0.256,0.443,1.573,0.164,-0.083,0.25,0.195,-0.237,-0.244,-0.496,-0.438,-0.397,-0.122,0.129,-0.3,-0.052,0.056,0.449,0.268,0.566,-0.865,-0.166
smpB,1.727,1.16,0.613,-0.197,-0.134,0.169,1.503,0.822,0.184,0.314,0.548,1.267,1.236,0.949,0.216,0.621,1.01,0.017,-0.245,-0.207,0.078,-0.091,0.532,0.22
nrdI,-0.059,-1.074,-1.31,-1.588,1.052,-0.211,0.949,0.397,3.178,3.672,5.529,-0.132,5.535,2.621,0.064,0.427,2.539,-0.541,2.091,1.513,4.432,2.847,1.342,1.44
nrdE,-0.31,-0.779,-0.671,-0.171,0.349,-0.582,0.228,-0.137,2.242,2.186,4.034,0.183,4.022,1.412,0.065,0.17,1.827,-0.719,1.26,0.753,3.2,1.955,0.04,0.356
nrdF,-0.369,-0.512,-0.01,-0.968,0.407,-0.469,0.533,0.367,1.473,1.87,3.739,0.126,3.899,0.913,-0.443,0.093,1.776,-0.474,1.445,0.523,2.547,1.864,0.326,0.24
recX,-0.748,-1.325,-0.419,-0.585,-0.405,-0.223,0.077,-0.208,0.319,0.647,0.199,-0.223,0.429,-0.394,0.168,0.34,0.659,0.566,-0.434,-0.541,-0.086,0.6,-0.685,0.233
recA,0.935,0.6,0.113,0.152,0.694,0.265,1.094,0.85,0.329,0.451,0.831,1.391,1.273,1.233,0.618,1.084,0.673,0.846,0.094,-0.094,0.518,0.926,-0.551,-0.515
ascB,0.485,-0.234,0.379,-0.059,0.11,-0.281,0.646,0.423,0.392,0.33,0.631,0.103,0.364,-0.023,0.09,0.276,0.055,0.082,0.121,-0.092,0.329,0.286,0.081,-0.053
mutS,-0.43,-0.05,-0.361,-0.79,0.076,-0.114,0.025,0.516,-0.071,0.129,0.621,0.797,-0.028,-0.545,0.173,0.69,-0.94,-0.051,-1.013,-0.382,-0.298,-0.318,-0.039,0.299
eno,-0.811,-0.669,-0.064,-0.3,0.378,0.139,-0.987,-0.496,-0.791,-0.36,-0.022,-0.36,-0.243,-0.368,-0.124,-0.499,-0.098,0.247,-1.026,-0.121,-0.992,-1.16,-0.393,-0.553
pyrG,-0.219,-0.057,0.066,0.029,0.048,-0.051,-0.654,0.335,0.058,0.553,0.113,0.552,0.375,0.12,0.025,0.235,0.05,0.113,-0.163,-0.01,-0.431,-0.149,-0.786,-0.05
queF,0.344,0.11,0.448,-0.089,0.487,-0.219,0.203,0.094,0.245,0.162,0.242,-0.17,0.254,-0.603,-0.193,0.337,0.228,-0.197,-0.459,-0.178,0.126,0.323,-0.212,0.275
sdaB,-2.332,-1.127,-1.798,-1.571,-1.745,-0.394,-1.769,-0.314,-0.281,-0.526,-0.371,2.084,-1.744,-2.694,0.486,-0.636,-2.294,0.204,-1.329,-1.84,-1.462,-0.53,-2.103,-1.553
fucA,-0.674,0.604,1.054,-0.179,1.129,1.871,-0.521,-0.702,-1.746,-0.861,-1.829,-0.912,-1.419,-1.978,-0.616,-1.067,-1.118,1.166,-1.074,-1.371,-0.667,-1.091,0.735,-2.247
fucI,-0.523,1.195,1.009,-0.277,0.523,1.303,-0.701,-0.003,-1.185,-1.297,-1.419,-0.809,-1.325,-2.133,-0.839,-1.299,-0.746,0.792,-0.979,-0.955,-0.58,-0.09,1.558,-0.95
fucK,0.667,0.68,-0.014,-0.076,0.577,0.319,0.08,-0.255,-0.974,-0.73,-0.405,-0.792,-0.189,-0.642,-0.698,-0.22,-0.126,0.244,-0.264,-0.389,-0.159,-0.351,1.537,0.852
fucU,1.317,0.448,-0.826,-0.141,0.28,-0.795,-0.157,-0.698,-0.532,-0.539,-0.071,-0.44,0.734,0.341,-0.306,0.562,0.019,0.157,-0.441,-0.13,-0.18,-0.728,0.973,0.709
fucR,0.918,1.395,1.342,0.299,0.651,1.304,-0.06,-0.229,-0.815,-0.287,-0.997,0.167,-0.792,-1.383,-0.472,-0.669,-0.744,0.31,-0.855,-1.469,-0.509,-1.172,0.678,-1.101
thyA,0.329,0.128,-0.191,-0.356,-0.236,-0.123,0.013,0.247,-0.075,0.038,0.178,0.257,0.59,0.282,0.151,0.608,0.439,-0.429,-0.317,-0.152,-0.449,-0.241,-0.189,-0.109
galR,-0.123,-0.298,0.517,0.208,-0.188,0.325,0.713,0.343,-0.588,-0.371,-0.803,-0.964,-0.212,0.296,-0.191,-0.368,0.084,0.043,0.206,-0.01,0.102,-0.131,-0.46,-0.111
lysA,-0.316,-0.535,0.749,0.181,1.19,2.488,2.577,2.122,2.184,0.691,-0.343,0.088,0.921,0.861,0.008,-0.408,0.686,1.063,1.572,0.542,1.467,1.575,-0.596,-0.192
lysS,-0.105,0.066,-0.385,-0.918,-0.401,-0.392,-0.036,0.01,-0.121,0.083,0.505,0.215,-0.422,-0.672,-0.075,-0.054,-0.136,-0.121,0.001,-0.673,-0.342,-0.181,0.219,0.507
prfB,0.233,0.381,-0.43,-0.884,-0.617,-0.637,-0.15,-0.084,0.003,0.153,0.543,0.775,-0.058,-0.304,0.234,0.277,0.051,-0.158,-0.38,-0.497,-0.459,-0.403,-0.151,-0.057
recJ,-0.338,-0.614,-0.4,-0.621,-0.29,-0.657,-0.222,-0.485,0.293,0.279,0.439,-0.263,0.48,-0.081,0.222,0.108,-0.238,-0.145,0.37,-0.129,-0.42,-0.237,0.651,0.666
rpiA,0.896,0.976,0.134,0.384,0.927,-0.206,0.696,0.19,-0.867,-0.521,-0.066,1.101,0.996,-0.022,0.294,0.202,0.51,0.199,0.605,0.138,-0.833,-0.806,0.19,0.539
pgk,-0.181,0.054,0.905,0.153,1.288,1.478,1.286,0.486,-1.107,-0.297,-0.95,-0.046,-0.05,0.379,0.189,-0.595,-0.275,0.589,-0.633,0.249,-0.9,-0.976,-1.068,-1.301
metK,-2.501,-2.928,-2.236,0.823,-1.501,-0.73,-1.407,-0.82,-0.879,-1.141,-1.724,-0.691,-2.2,-1.986,-0.038,-0.653,-1.478,-0.15,0.28,-0.165,-0.722,-0.345,-2.286,0.311
endA,-1.282,-0.52,-0.027,-1.079,-0.315,0.657,-0.056,1.444,0.863,1.448,0.47,1.48,0.385,-0.367,0.377,-0.17,1.157,0.62,-1.074,-0.591,-0.57,-0.566,-0.441,-1.95
rsmE,-0.343,-0.698,0.329,0.267,0.906,0.927,1.037,1.889,3.682,3.491,0.826,0.051,0.913,0.387,0.002,0.504,0.514,0.916,0.316,0.128,4.028,3.651,-0.334,0.243
parC,-0.076,0.364,0.132,-0.447,0.307,-0.146,-0.315,0.279,0.164,0.251,0.149,0.159,0.262,-0.131,0.181,0.542,-0.171,0.036,0.076,0.038,0.265,0.151,-0.1,0.223
parE,0.491,0.828,-0.326,-0.764,-0.485,-0.705,-0.294,0.26,-0.1,-0.492,0.249,0.052,0.231,-0.061,0.025,0.572,0.123,-0.251,-0.111,0.177,-0.392,-0.348,1.015,0.56
bacA,0.524,0.44,0.047,-0.415,-0.21,-0.226,-0.317,0.072,0.465,0.963,0.61,-0.046,0.92,0.474,0.158,0.531,0.271,-0.033,0.27,0.301,2.057,3.273,0.153,0.385
plsY,-0.349,-0.478,-0.307,-0.172,0.298,0.475,-0.14,0.796,1.169,1.488,-0.065,-0.451,-0.253,-0.099,-0.368,-0.039,0.31,0.377,-0.045,-0.062,1.471,1.376,0.356,0.269
dnaG,0.573,0.556,-0.56,-0.938,-0.899,-0.91,-0.203,0.198,-0.177,-0.069,0.134,-0.285,-0.047,-0.682,-0.246,-0.038,-0.591,-0.427,-0.627,-0.19,-0.793,-0.717,0.119,0.6
rpoD,-0.268,-0.547,0.161,-0.203,0.513,-0.524,0.495,1.007,-0.225,-0.254,0.228,-0.342,-0.247,0.086,0.035,0.563,0.221,-0.127,0.219,0.106,0.412,0.276,0.29,0.789
rsmI,0.775,0.874,0.445,-0.236,0.118,-0.36,1.061,0.448,0.627,0.409,2.326,0.063,0.67,0.366,0.455,0.901,0.801,-0.082,-0.39,-0.116,0.188,0.215,0.995,1.307
pnp,-0.568,-0.531,0.366,-0.041,-0.179,0.19,0.512,0.284,0.114,0.168,0.067,0.074,0.534,0.348,0.27,0.195,0.04,-0.235,0.382,0.161,0.003,-0.034,-0.474,-0.306
rbfA,-1.18,-0.422,0.19,-0.367,-0.557,-0.118,-0.197,0.194,-0.127,-0.486,-0.127,-1.236,-0.411,-0.92,-0.472,0.014,0.02,-0.295,0.245,-0.58,0.015,-0.02,-0.792,-0.506
infB,-0.228,0.352,-0.106,-0.382,-0.433,-0.128,-0.034,0.223,-0.342,-0.56,-0.175,-0.77,-0.08,-0.341,0.1,0.204,-0.121,-0.207,0.59,-0.032,0.011,0.114,-0.717,-0.456
nusA,-0.077,0.302,-0.047,-0.716,-0.551,-0.203,-0.408,0.331,-0.287,-0.257,0.111,-0.411,0.19,-0.214,0.124,0.485,-0.246,-0.255,0.189,0.128,-0.233,-0.063,-0.376,-0.293
rimP,-0.026,0.066,0.053,-0.859,-0.962,-0.241,-0.49,0.317,-0.051,0.069,0.257,-0.917,-0.166,-0.898,-0.526,0.067,-0.157,-0.36,-0.22,0.134,-0.33,-0.004,0.516,0.45
argG,2.2,0.513,-0.171,0.124,-0.053,-0.178,-0.745,-0.468,-1.907,-1.548,-1.05,-1.512,-1.027,-0.723,-0.51,-1.116,-0.88,-0.136,0.008,-0.018,-1.634,-1.596,0.969,0.267
obgE,0.1,0.227,-0.207,-0.523,-1.188,-0.626,-0.964,-0.111,-0.49,-0.506,0.476,0.73,-0.048,-0.752,0.129,-0.083,-0.784,0.079,0.007,-0.106,-0.422,0.153,-0.298,0.008
rpmA,-1.886,-1.35,-1.533,-1.328,-0.811,-0.551,-1.529,-0.035,0.238,0.451,-0.072,-0.174,-1.028,-0.463,-0.012,-0.041,-0.373,-0.282,-0.375,-0.254,-0.655,-0.083,-1.112,-0.571
rplU,-1.281,-0.864,-1.446,-1.293,-1.083,-0.881,-1.648,-0.234,0.068,0.585,0.084,0.103,-0.812,-0.16,0.129,-0.001,-0.48,-0.33,-0.362,-0.054,-1.037,-0.592,-0.477,0.045
arcB,-0.936,-0.86,0.168,0.207,0.529,-0.113,0.532,0.31,-0.58,-0.025,-0.194,0.34,0.923,0.719,0.012,0.402,0.657,0.052,0.136,0.224,-0.208,-0.036,-0.625,0.31
nanA,-0.731,-0.382,2.96,0.691,0.709,2.392,-0.989,-0.483,-2.13,-1.594,-2.225,-0.818,-1.199,-0.794,-0.632,-1.418,-2.442,0.064,-1.834,-1.83,-2.849,-2.969,0.133,-2.124
rplM,0.397,0.905,-0.723,-0.708,-1.05,-0.484,-1.324,0.037,0.367,-0.035,0.31,0.262,-0.981,-1.001,-0.07,0.078,0.028,-0.05,0.583,-0.017,-0.521,-0.109,-1.725,-1.294
argR,1.853,2.364,0.938,0.223,0.473,-0.195,0.301,0.211,0.004,0.092,-0.663,0.184,0.219,0.188,-0.065,0.758,0.473,-0.325,-0.079,-0.245,-0.409,-0.224,0.363,0.279
accB,0.002,1.086,-0.589,-0.909,-0.328,-0.481,-0.962,-0.08,-0.5,-0.593,-0.273,-0.677,-1.385,-1.008,-0.407,-0.242,-0.872,-0.53,0.207,-0.087,-0.407,0.332,1.071,1.166
accC,-0.274,1.079,-0.644,-1.019,-0.533,-0.584,-1.022,-0.2,-0.337,-0.545,-0.129,-0.359,-0.861,-0.492,0.249,0.31,-1.017,-0.53,0.633,0.096,-0.279,0.643,0.759,0.962
prmA,-0.347,0.395,-0.642,-0.755,-0.921,-0.838,-1.301,-0.232,-0.265,-0.586,-0.231,-0.526,-0.666,-0.959,-0.03,-0.06,-0.751,-0.233,0.106,-0.219,-0.369,0.273,0.392,0.289
fmt,-0.212,-0.245,-0.281,-0.406,-0.115,-0.356,0.065,-0.198,0.182,0.117,-0.338,-0.18,0.19,-0.049,-0.194,0.093,-0.092,-0.404,0.023,-0.203,-0.234,-0.113,0.186,0.615
rsmB,-1.132,-0.523,0.03,-0.403,-0.616,-0.326,0.046,-0.26,0.112,-0.005,-0.175,-0.2,-0.042,-0.034,0.063,0.083,-0.113,-0.434,-0.176,-0.27,-0.597,-0.276,-0.159,-0.296
rplQ,-0.233,0.372,-0.691,-0.52,-0.877,-0.529,-1.089,-0.33,-0.067,-0.348,-0.167,-1.685,-1.207,-1.553,-0.812,-0.63,0.12,-0.332,0.498,-0.368,0.048,0.271,0.876,0.921
rpoA,-0.322,0.457,-0.692,-0.695,-0.789,-0.858,-1.271,-0.356,0.32,-0.075,0.209,-0.786,-0.26,-0.454,-0.082,0.198,-0.083,-0.464,0.552,-0.083,0.144,0.36,-0.676,-0.607
rpsD,-0.369,0.331,-0.453,-0.446,-0.695,-0.576,-0.88,-0.32,0.048,-0.259,-0.131,-0.925,-0.769,-0.932,-0.564,-0.208,-0.035,-0.562,0.336,-0.283,-0.191,0.062,-0.402,-0.219
rpsK,-0.355,0.19,-0.415,-0.346,-0.741,-0.425,-0.747,-0.234,0.25,0.099,0.327,-0.887,-0.773,-0.998,-0.448,-0.163,-0.006,-0.273,0.375,-0.12,0.008,0.267,-0.102,0.099
rpsM,0.061,0.935,-0.52,-0.523,-0.556,-0.382,-0.801,-0.217,0.099,-0.183,0.171,-0.385,-0.248,-0.611,0.126,0.137,-0.095,-0.144,0.354,-0.161,-0.12,0.206,-0.508,-0.296
rpmJ,-0.433,0.074,-0.277,-0.471,-0.17,-0.072,-0.682,-0.303,-1.057,-1.273,-0.992,-1.163,-0.557,-1.006,-0.193,-0.027,0.222,0.331,0.921,-0.533,0.508,0.549,-0.313,-0.179
secY,-0.46,0.422,-0.462,-0.525,-0.498,-0.335,-1.034,-0.698,-0.057,-0.525,-0.344,-1.202,-0.858,-0.82,-0.523,-0.281,0.25,-0.148,1.284,-0.275,0.722,0.895,-0.194,0.067
rplO,-0.558,0.115,-0.732,-0.328,-0.746,-0.656,-0.751,-0.507,-0.06,-0.776,-0.286,-0.654,-0.923,-0.8,-0.077,-0.255,0.268,0.389,1.466,-0.014,0.948,1.164,-0.244,0.352
rpmD,0.19,0.937,-0.344,-0.372,-0.775,-0.412,-0.577,-0.396,-0.137,-0.682,-0.256,-0.511,-1.219,-1.32,-0.486,-0.061,0.391,-0.173,0.542,-0.897,0.331,0.688,-0.015,0.208
rpsE,-1.012,-0.104,-0.499,-0.447,-0.653,-0.254,-0.715,-0.326,-0.298,-0.728,-0.149,-1.157,-1.675,-1.483,-0.804,-0.89,0.121,0.248,1.309,-0.378,0.733,1.14,-0.34,0.155
rplR,-0.454,0.197,-0.491,-0.396,-0.792,-0.248,-0.693,-0.33,-0.338,-0.854,-0.394,-0.64,-1.415,-1.576,-0.561,-0.574,0.113,0.067,0.712,-0.738,0.299,0.585,0.02,0.645
rplF,0.524,1.366,-0.501,-0.386,-0.738,-0.321,-0.688,-0.136,-0.138,-0.557,-0.003,-0.099,-0.712,-1.038,0.027,-0.073,-0.142,-0.133,0.589,-0.611,0.089,0.521,0.071,0.503
rpsH,0.436,1.083,-0.497,-0.45,-0.875,-0.278,-0.74,-0.227,-0.54,-0.83,-0.448,-0.157,-0.915,-1.369,-0.336,-0.211,-0.212,-0.217,0.326,-0.712,-0.262,0.217,0.412,0.85
rpsN,-0.386,0.269,-0.486,-0.559,-0.833,-0.358,-0.695,-0.062,-0.492,-0.72,-0.329,-0.078,-0.811,-1.262,-0.245,-0.238,-0.244,-0.184,0.348,-0.514,-0.356,0.116,-0.324,0.386
rplE,0.349,0.896,-0.383,-0.376,-0.572,0.052,-0.682,-0.126,0.022,-0.132,0.039,-0.012,-0.946,-1.137,-0.251,0.04,-0.374,-0.442,0.167,-0.332,-0.433,0.043,0.192,0.735
rplX,0.852,1.513,-0.409,-0.442,-0.612,-0.403,-0.552,-0.065,-0.309,-0.49,-0.195,-0.005,-0.976,-1.295,-0.476,-0.133,-0.258,-0.355,0.063,-0.629,-0.608,-0.107,0.309,0.635
rplN,0.267,1.005,-0.398,-0.434,-0.596,-0.499,-0.839,-0.26,-0.5,-0.605,-0.148,0.498,-0.441,-0.481,0.186,0.299,-0.232,-0.009,0.452,-0.097,-0.446,0.054,-0.119,0.603
rpsQ,-0.183,0.449,-0.726,-0.545,-0.95,-1.08,-1.691,-0.647,-0.034,-0.819,-0.479,-1.757,-1.415,-1.792,-0.914,-0.379,1.04,-0.366,0.801,-0.432,0.418,0.49,0.149,0.519
rpmC,-0.82,-0.206,-0.832,-0.647,-0.716,-0.725,-1.456,-0.364,-0.254,-1.015,-0.426,-2.006,-1.485,-1.831,-0.808,-0.692,1.141,0.063,1.34,-0.123,1.115,1.049,0.025,0.314
rplP,-0.655,-0.191,-0.855,-0.522,-0.676,-0.964,-1.452,-0.507,0.092,-0.636,-0.066,-1.654,-1.287,-1.424,-0.432,-0.28,0.913,-0.01,1.301,-0.12,0.609,0.811,-0.405,-0.076
rpsC,-0.532,0.102,-1.137,-0.817,-0.945,-0.906,-1.889,-0.82,-0.111,-1.011,-0.688,-2.119,-1.85,-1.778,-0.794,-0.704,1.106,-0.003,2.03,-0.089,1.063,1.231,-0.586,-0.275
rplV,-1.619,-0.879,-0.888,-0.693,-0.401,-0.204,-1.411,-0.477,-0.477,-1.203,-0.404,-2.254,-2.428,-2.481,-1.127,-0.907,0.693,-0.156,0.845,-0.885,0.552,0.825,-0.801,-0.368
rpsS,-0.51,-0.179,-0.511,-0.767,-0.468,-0.62,-1.034,-0.159,-0.481,-1.006,-0.602,-1.803,-0.835,-1.968,-0.558,-0.935,0.809,0.375,1.409,-0.592,0.711,0.897,0.763,0.964
rplB,0.804,1.455,-0.392,-0.236,-0.608,-0.154,-1.005,-0.184,0.156,-0.679,0.09,-1.073,-1.555,-1.596,-0.226,0.068,0.622,-0.156,0.977,-0.518,0.241,0.66,-0.597,-0.352
rplW,0.555,1.392,-0.555,-0.518,-0.902,-0.577,-1.223,-0.206,-0.057,-0.863,-0.315,-1.32,-2.039,-2.055,-0.333,-0.542,0.394,0.041,1.105,-0.576,0.236,0.585,-0.701,-0.291
rplD,-0.446,0.377,-0.596,-0.381,-0.788,-0.466,-1.081,-0.207,0.096,-0.484,0.237,-0.958,-1.588,-1.581,0.06,-0.416,0.052,0.035,1.012,-0.255,0.197,0.803,-0.317,-0.095
rplC,-0.976,-0.333,-0.776,-0.714,-0.719,-0.348,-1.203,-0.325,-0.327,-0.753,-0.315,-2.148,-2.782,-2.622,-1.11,-1.414,-0.133,-0.242,0.584,-0.243,0.233,0.659,0.077,0.462
rpsJ,-0.426,0.423,-0.751,-0.754,-0.603,-0.318,-1.295,-0.026,-0.381,-0.694,-0.139,-0.922,-1.898,-1.932,-0.213,-0.493,-0.175,-0.049,0.471,-0.448,-0.167,0.396,-0.265,0.115
fusA,-0.133,0.626,-1.124,-1.025,-1.086,-1.075,-1.463,-0.319,-0.014,-0.459,0.059,-0.189,-0.811,-0.839,-0.252,-0.05,0.22,-0.01,0.922,-0.01,0.754,1.236,0.053,0.27
rpsG,1.094,1.698,-0.245,-0.123,-0.825,-0.366,-0.418,0.182,-0.171,-0.422,0.127,0.052,-0.914,-0.652,-0.022,0.066,-0.171,-0.224,0.376,-0.19,-0.666,-0.418,-0.402,-0.229
rpsL,-0.653,-0.078,-0.721,-0.64,-0.842,-0.387,-0.647,-0.08,-0.58,-0.68,0.09,-0.806,-1.743,-1.413,-0.725,-0.663,-0.294,-0.127,0.262,-0.216,-0.371,-0.112,-0.528,0.311
trpS,0.386,0.033,-0.017,-0.325,0.609,0.029,0.392,0.491,-0.351,-0.323,-0.308,-0.984,-0.089,-0.496,-0.313,0.178,-0.426,0.244,0.495,0.294,0.444,0.21,1.061,1.364
rpe,0.243,0.363,0.04,-0.311,0.445,-0.046,0.245,0.358,-0.628,-0.482,-0.403,-0.672,-0.246,-0.507,-0.298,0.44,-0.169,0.008,0.234,-0.054,-0.009,-0.234,-0.299,0.23
hslO,-0.129,-0.466,-0.178,0.068,0.89,0.113,0.122,0.614,1.229,0.7,0.668,0.4,0.286,-0.282,0.262,0.46,0.044,-0.025,0.375,0.264,0.868,0.915,-0.319,0.177
malP,-1.121,-0.452,2.097,-0.175,-0.388,2.761,-0.427,-0.826,-1.929,-0.649,-1.735,-0.339,-0.505,-0.695,-0.268,-1.462,-1.53,1.391,-0.747,0.233,-1.838,-2.967,-0.028,-2.77
glgA,-0.715,-0.77,-0.524,-0.002,-0.535,-0.176,-0.333,-1.524,-0.968,-0.461,-0.805,-0.23,0.463,0.461,0.297,-0.494,-0.553,-0.002,-0.34,0.328,-1.102,-1.431,0.818,0.322
glgC,-0.197,0.064,-0.328,-0.043,-0.186,0.012,0.237,-1.311,-0.856,-0.269,-0.578,0.084,0.901,0.801,0.317,-0.033,-0.188,0.065,-0.492,0.178,-0.929,-1.487,0.195,-0.166
glgB,0.019,0.352,-0.37,-0.083,-0.719,-0.53,-0.415,-1.531,-0.513,-0.017,-0.459,-0.114,1.485,1.199,0.185,0.464,0.181,-0.203,-0.302,0.646,-0.637,-1.276,0.609,0.218
gor,-0.267,-0.654,0.314,0.938,0.481,-0.068,0.588,0.394,1.303,0.06,-0.187,0.028,0.858,0.277,-0.015,0.532,0.202,-0.049,0.035,0.03,-0.018,-0.121,-0.672,-0.043
cysE,0.03,0.426,-0.38,-0.2,-0.8,-0.132,-0.237,-0.37,0.391,-0.106,-0.458,0.268,-0.332,-0.9,-0.019,-0.092,-0.298,0.238,-0.27,-0.274,-0.741,-0.456,0.613,0.181
gpsA,-1.704,-0.39,-0.315,-0.084,-0.321,0.341,-0.837,-0.079,0.204,-0.114,-0.5,1.207,0.408,-0.08,0.488,-0.183,-0.143,0.354,-0.137,-0.027,-0.808,-0.467,-0.29,-1.19
coaD,-0.002,0.605,-0.025,-0.168,-0.175,-0.508,-0.537,0.587,0.259,-0.13,-0.275,1.096,0.586,0.156,0.475,0.994,0.266,-0.253,0.399,0.192,-0.194,0.022,-0.103,-0.233
rpmG,-2.142,-1.204,-1.162,-1.06,-0.747,-0.603,-1.038,-0.35,-0.158,-0.332,-0.367,-0.956,-1.247,-1.552,-1.158,-1.074,-0.314,-0.475,-0.143,-0.526,-0.47,0.097,-0.304,-0.027
rpmB,-0.848,0.376,-0.769,-0.531,-0.507,-0.75,-0.403,0.329,0.042,-0.181,0.13,0.619,-0.049,-0.283,0.018,0.285,-0.249,-0.331,-0.005,-0.268,-0.68,-0.219,-1.41,-0.668
dut,1.079,1.649,-0.008,-0.371,0.779,-0.18,0.503,0.762,1.346,0.954,1.178,0.926,1.024,0.416,0.3,1.238,0.11,-0.043,-0.402,-0.097,0.597,0.555,-0.044,0.069
pyrE,1.575,0.121,2.982,0.574,0.321,1.358,1.885,1.441,1.345,0.218,1.989,0.899,1.624,1.303,0.378,0.684,0.493,-0.293,1.917,1.357,0.883,1.336,0.478,0.341
gmk,0.867,0.665,0.459,0.079,-0.639,-0.318,0.624,0.046,-0.228,-0.165,0.083,0.307,1.037,0.382,0.002,0.323,0.786,-0.406,0.053,-0.078,-0.655,-0.891,0.254,0.436
rpoZ,-0.087,-0.269,-0.255,-0.53,-0.051,-0.523,0.091,0.507,-0.122,0.071,0.21,0.133,0.495,-0.107,0.097,0.573,0.067,-0.267,-0.081,-0.181,-0.359,-0.421,-0.204,0.236
ilvB,2.961,3.421,0.178,-1.579,0.067,0.253,-0.604,1.65,-0.892,-1.098,-1.081,-3.684,-0.747,-1.378,-0.268,0.099,-0.71,-0.905,-0.873,-1.765,-0.621,-1.953,4.153,1.522
gyrB,0.044,0.261,0.206,-0.174,-0.34,-0.111,0.452,0.377,-0.193,-0.156,-0.1,0.093,1.302,-0.118,0.11,0.458,0.581,0.145,0.069,-0.005,-0.007,0.215,0.49,0.559
recF,0.191,0.81,0.189,-0.487,-0.538,0.076,-0.312,0.556,-0.096,-0.494,0.338,0.046,0.521,-0.728,-0.126,-0.014,-0.234,-0.121,0.084,0.222,-0.544,0.126,1.33,0.661
dnaN,-0.201,0.482,-0.476,-0.745,-1.047,-0.601,-0.492,0.008,-0.522,-0.276,0.158,0.405,0.633,-0.239,-0.018,0.248,0.04,-0.025,-0.461,0.024,-0.866,-0.712,0.6,0.811
dnaA,-0.087,0.139,-0.516,-0.758,-1.008,-0.483,-0.701,-0.324,-0.438,-0.156,0.31,0.161,0.087,-0.453,-0.425,0.094,0.16,-0.15,-0.845,-0.021,-0.895,-0.94,0.509,0.629
rpmH,-0.621,0.208,-1.095,-0.723,-0.337,-0.189,-0.818,0.388,0.03,-0.043,-0.304,-0.306,-1.174,-1.645,-0.936,-0.307,-0.083,-0.475,-0.734,-0.361,-0.251,0.093,-0.791,-0.286
rnpA,-0.715,0.525,-1.195,-1.164,-1.123,-0.867,-1.354,0.727,0.937,0.552,0.366,0.529,-0.576,-1.24,0.128,0.114,0.007,-0.356,-0.694,-0.007,-0.779,0.334,-0.439,-0.238
bglB,0.589,0.165,-0.604,-0.468,-0.527,-0.822,-0.111,-0.189,0.094,0.266,0.507,0.209,0.351,0.026,0.085,0.598,0.03,-0.137,0.224,-0.567,-0.079,-0.657,0.907,0.752
bglG,-0.911,0.032,-0.74,-1.524,0.219,0.182,-2.488,-0.938,-1.72,-2.124,-1.409,-1.547,-2.339,-2.059,-1.031,-1.196,-1.169,-0.193,-0.207,-1.115,-0.428,-0.519,0.19,-1.306
phoU,0.421,0.497,-0.893,-0.539,1.351,-0.543,-0.03,-0.413,-0.402,-0.441,-0.393,-0.733,0.067,0.448,-0.194,0.184,-0.161,-0.182,-0.029,-0.507,0.123,-0.346,0.807,-0.008
glmU,0.517,0.499,-0.475,-0.594,-0.514,-0.351,-1.878,-1.163,0.347,0.307,-0.608,-0.149,0.701,0.646,0.44,0.599,-0.146,-0.088,-0.303,-0.332,-0.153,-0.355,0.279,-0.16
asnA,2.789,3.408,1.486,0.06,-0.296,-4.179,-1.294,-2.181,-1.345,-3.078,1.309,-3.106,-0.904,-1.763,-0.738,2.966,-0.215,-0.308,2.122,2.35,2.076,2.826,4.87,7
ilvE,1.215,0.693,0.506,-0.41,-0.498,0.566,0.364,2.033,0.018,0.219,1.211,-0.75,0.7,-0.152,-0.222,0.589,-0.472,-0.828,-1.052,-0.548,-0.111,-0.744,2.338,1.901
ilvD,1.272,0.901,0.394,-0.157,-0.635,0.136,0.113,2.154,0.062,0.176,0.73,-0.758,0.738,-0.249,0.079,0.716,-0.287,-0.583,-0.662,-0.09,-0.068,-0.47,2.169,1.857
ilvA,1.163,0.711,0.379,-0.178,-0.612,0.078,-0.127,2.115,0.007,0.103,0.734,-0.616,0.871,0.039,0.3,0.767,-0.345,-0.561,-0.52,-0.202,-0.413,-0.629,1.752,1.195
ilvC,0.559,0.424,-1.65,-1.981,-0.976,-2.477,-2.179,0.301,-0.317,-0.026,-0.259,-2.509,2.67,2.045,-0.883,0.004,2.578,-1.195,-2.261,-2.867,-1.514,-2.658,0.476,0.41
metE,-5.318,-5.446,-1.865,1.153,-2.08,1.332,-1.45,-0.862,0.636,-0.176,-3.28,-1.537,0.622,-2.382,0.45,-1.494,-3.165,-1.192,-0.747,-0.351,0.79,0.357,-4.765,-1.154
polA,0.049,0.161,0.532,0.402,-0.105,0.212,0.233,0.302,-0.428,-0.058,0.08,-0.205,0.969,-0.2,0.06,0.755,-0.167,-0.166,-0.385,-0.405,-0.227,-0.548,0.01,0.061
glnA,1.235,0.372,1.301,-0.275,-0.045,-0.276,-0.182,0.206,1.02,-0.14,1.539,0.679,0.622,0.161,0.123,0.672,-0.116,-0.953,1.284,0.446,1.397,1.813,1.534,1.51
typA,0.194,0.295,-0.214,-0.021,-0.593,-1.012,0.121,0.503,0.764,0.357,1.296,1.265,0.401,-0.05,0.422,1.114,-0.197,-0.784,0.493,0.421,-0.27,0.324,0.025,0.869
sodA,-4.198,-4.446,0.978,0.243,3.318,2.568,7.606,3.02,6.206,5.774,4.589,2.544,4.04,3.201,1.763,2.503,4.109,0.357,1.658,-0.428,5.119,4.606,-5.707,-6.344
glpK,-0.754,0.564,0.242,-0.078,-0.032,1.504,0.94,0.27,-0.861,-0.63,-1.254,0.458,-0.075,-0.035,-0.102,-0.344,-0.747,0.651,0.079,-0.152,-0.232,-0.899,0.758,-1.698
priA,-0.081,0.68,-0.308,-0.437,-0.527,-0.565,0.665,1.136,0.818,0.825,0.91,1.058,0.804,0.203,0.362,0.628,-0.112,-0.115,-0.376,-0.028,-0.092,0.037,0.293,0.47
gldA,-0.018,-0.79,0.86,1.166,0.815,1.401,1.533,0.289,-1.343,0.094,0.453,0.899,1.063,0.19,-0.081,-0.302,0.907,1.202,-3.899,-0.886,-1.391,-2.627,0.365,-1.064
argH,1.905,-0.249,-0.933,0.157,1.042,-0.057,-0.234,-0.326,-0.883,-1.094,-1.418,-1.654,-0.993,-0.775,-0.369,-1.022,-0.508,0.351,0.129,0.338,-0.592,-0.624,0.572,0.294
murI,0.748,1.573,1.013,0.159,0.739,0.105,1.614,0.859,0.322,0.084,-0.146,0.679,0.669,-1.025,-0.246,0.317,0.883,0.079,-0.49,-0.171,0,0.177,0.569,-0.068
birA,0.451,0.75,0.466,0.075,0.301,0.099,0.245,-0.009,0.209,0.11,0.583,0.218,0.882,0.138,-0.31,0.371,0.494,-0.078,-0.17,0.151,0.349,0.584,0.743,0.955
coaA,0.015,0.822,0.09,-0.641,-0.581,0.351,-0.595,-0.064,-0.87,-0.785,-1.226,-1.447,-1.477,-1.925,-0.689,0.032,-0.686,-0.223,-0.402,-0.453,-1.001,-0.789,0.051,-0.469
secE,0.428,0.473,0.372,-0.268,-0.747,-0.074,-0.203,0.206,-0.349,-0.455,-0.472,-0.737,-0.221,-0.507,0.009,-0.009,-0.373,-0.154,-0.096,0.129,-0.419,-0.171,0.466,0.776
nusG,0.424,0.414,0.021,-0.477,-0.504,-0.407,-0.226,0.414,-0.196,-0.427,-0.366,-0.879,-0.119,-0.562,-0.106,0.393,-0.333,-0.308,-0.002,-0.135,-0.565,-0.376,-0.335,0.417
rplK,-0.12,0.765,-0.83,-0.783,-0.973,-0.569,-0.571,-0.031,-0.009,-0.711,-0.284,-0.034,-0.831,-1.55,-0.285,-0.051,0.033,-0.24,0.598,-0.133,0.203,0.489,0.294,0.876
rplA,0.075,1.109,-0.662,-0.59,-0.605,-0.416,-0.524,-0.008,-0.072,-0.698,0.096,0.156,-0.569,-1.165,-0.045,0.302,0.085,-0.232,0.712,0.194,0.263,0.784,-0.605,-0.186
rpoB,-0.348,0.066,-0.383,-0.381,-0.055,-0.413,-0.133,0.436,-0.172,-0.215,0.235,-0.779,-0.095,-0.524,-0.085,0.286,-0.573,-0.311,0.51,-0.139,-0.052,0.307,0.235,0.506
rpoC,-0.579,-0.14,-0.439,-0.477,-0.242,-0.756,-0.442,0.25,0.175,-0.113,0.289,-1.281,0.133,-0.079,0.072,0.762,-0.242,-0.66,0.303,-0.105,0.19,0.035,0.337,0.813
thiF,-0.723,-0.991,0.236,-0.29,1.236,0.605,-0.202,0.054,0.391,0.038,0.187,0.371,1.293,0.02,0.213,0.757,-1.008,-0.09,0.234,-0.449,0.49,0.474,-0.047,-0.174
purD,1.426,3.313,-0.674,-0.53,-0.219,-0.464,-0.709,0.485,0.097,-0.734,0.375,-1.451,-0.854,-1.461,-0.265,-0.104,-1.574,0.134,0.676,-0.552,0.622,1.146,2.671,1.279
purH,0.958,3.067,-0.589,-0.567,-0.227,-0.5,-0.783,0.597,0.095,-0.528,0.631,-1.235,-1.024,-1.351,-0.133,0.216,-1.935,-0.067,-0.461,-0.443,-0.298,0.31,2.494,1.337
pgi,-0.347,-0.171,0.713,0.546,0.278,0.474,1.54,-0.217,1.077,1.268,1.667,0.151,0.43,0.75,0.226,-0.22,0.796,0.123,-0.488,-0.03,0.955,0.357,-0.392,-0.504
malM,-1.757,-0.142,3.129,-0.915,2.006,5.168,-0.698,-0.729,-5.238,-2.948,-4.323,-2.698,-5.555,-5.998,-0.968,-3.208,-3.177,2.792,-2.222,-3.051,-3.197,-3.12,0.204,-2.781
dgkA,-0.159,-0.229,-0.112,-0.801,-0.022,-0.435,-0.713,-0.118,-0.067,-0.054,-0.337,-0.405,-0.605,-0.804,-0.372,-0.254,-0.028,-0.057,0.192,-0.35,-0.229,0.011,0.532,0.239
dnaB,-0.687,-0.365,-0.551,-0.776,0.288,-0.368,-1.168,-0.213,0.512,0.501,0.513,0.581,0.201,-0.315,0.167,0.574,-0.335,-0.274,-0.973,-0.414,-0.415,-0.307,-0.262,-0.04
uvrA,-0.321,-0.234,-0.118,0.019,0.567,-0.542,1.547,0.249,0.094,0.039,0.77,1.052,1.382,0.589,0.326,0.778,0.487,-0.143,0.142,0.301,-0.251,-0.096,0.019,0.589
efp,-0.711,-0.24,-0.068,-0.044,-0.623,-0.444,-0.673,-0.198,-0.065,-0.217,-0.735,-0.942,-0.263,-0.653,-0.276,0.069,-0.732,-0.424,-0.177,-0.2,-0.656,-0.345,-0.399,0.135
rsgA,-0.093,-0.413,-0.509,-0.773,0.029,-0.263,-0.035,-0.429,0.371,0.456,0.096,-0.846,0.085,-0.2,-0.106,0.328,0.556,0.058,-0.371,-0.257,0.308,-0.109,0.271,0.345
tsaE,0.834,0.951,-0.231,0.011,-0.255,-0.574,0.136,-0.175,0.308,0.045,0.353,-0.005,-0.127,0.112,0.177,0.064,0.398,-0.082,0.249,0.322,-0.088,0.035,1.074,1.295
mutL,-0.525,-0.07,-0.125,-0.347,0.603,0.282,0.717,-0.31,0.227,0.115,0.006,-0.17,0.149,-0.313,-0.26,-0.173,0.442,-0.221,0.222,0.097,-0.108,-0.114,0.526,0.236
miaA,0.544,-0.331,-0.108,0.228,0.592,0.338,0.488,-0.371,-0.353,-0.431,0.01,-0.388,0.427,0.621,-0.112,-0.276,-0.093,-0.197,0.262,0.492,-0.284,-0.62,0.133,0.173
hflX,0.374,0.169,-0.144,-0.168,0.14,-0.022,0.033,-0.723,-0.523,-0.472,-0.353,-0.415,-0.009,0.067,-0.103,-0.342,0.223,-0.08,0.027,0.239,-0.424,-0.488,0.439,0.135
purA,-0.284,0.481,-1.795,-0.62,-0.86,-1.402,-1.055,-1.603,-1.798,-0.982,-0.504,-0.079,-0.459,-1.442,0.317,0.336,-0.359,0.147,-1.415,-0.827,-2.125,-2.203,0.985,0.404
ulaD,0.158,0.974,0.422,-0.164,0.042,0.794,-0.263,-0.524,-0.177,-0.505,-0.495,-0.311,0.375,1.183,0.075,-0.114,-0.557,0.386,-1.107,-0.266,-0.3,-0.667,1.672,-0.483
rplI,-1.712,-0.966,-0.938,-0.943,-0.672,-0.472,-1.011,-0.367,-0.221,-0.627,-0.144,-1.126,-1.332,-1.922,-0.841,-0.591,0.171,-0.353,0.698,-0.532,0.433,0.56,-0.618,0.421
nrdD,-0.14,0.292,-0.618,-1.404,-2.256,-0.656,-0.989,0.439,-0.902,0.589,0.005,-0.771,2.048,-1.737,-0.9,0.873,-1.065,-0.027,-2.914,-0.518,-1.307,-2.318,0.316,0.6
hsdS,-0.127,1.119,0.055,-0.648,0.371,0,-0.835,-0.235,-0.777,-1.353,-1.809,-0.908,-1.411,-1.911,-0.895,-0.463,-0.675,-0.121,0.548,-0.305,-0.57,0.212,0.955,0.302
hsdM,0.372,1.153,-0.408,-1.217,0.341,-0.598,-1.134,0.087,0.079,-0.182,0.377,0.21,-0.143,-0.438,0.109,0.593,-0.748,-0.237,-0.353,0.029,-0.494,-0.176,0.361,0.322
hsdR,-0.862,0.294,0.905,-0.109,0.409,0.803,0.824,0.605,-0.109,0.308,-0.728,0.663,-0.075,-0.571,-0.239,-0.946,0.989,0.844,-0.584,-0.964,0.199,-0.387,0.18,-0.887
dnaC,0.419,0.629,-0.456,-0.479,-0.073,-0.925,0.704,-0.064,0.841,0.508,1.14,-0.006,0.479,-0.338,-0.179,0.561,0.455,-0.375,-0.437,-0.021,0.282,0.097,0.646,0.671
rsmC,0.26,0.369,0.467,-0.304,0.193,-0.238,-0.366,0.626,1.008,0.608,0.725,1.113,0.661,0.364,0.405,0.985,0.014,-0.411,-0.466,0.228,-0.376,0.065,-0.056,-0.028
prfC,-0.426,0.43,0.051,-0.621,-0.38,-0.052,-1.168,0.123,0.103,-0.049,0.753,0.007,0.152,-0.451,0.005,0.576,-0.301,-0.248,-0.155,0.093,-0.466,0.031,-0.124,0.354
deoC,-2.4,-3.584,-0.454,0.339,0.516,-0.365,0.292,-0.388,0.066,0.456,-0.507,0.242,1.217,0.976,0.364,0.298,0.355,0.706,-0.611,-0.534,0,-0.39,-2.172,-0.978
deoB,-1.148,-1.265,-0.347,0.284,-0.298,-0.501,0.476,-0.252,0.254,0.395,0.061,0.617,0.711,0.383,0.481,-0.216,-0.281,0.287,0.527,0.123,-0.402,-0.465,-1.462,-0.673
deoD,-0.885,-0.755,0.106,0.028,0.028,-0.008,0.461,-0.144,0.027,0.067,-0.137,0.121,0.185,-0.162,-0.026,-0.719,-0.105,0.251,0.309,-0.223,-0.201,-0.393,-0.641,-1.04
radA,-0.981,-0.725,-0.644,-1.247,-0.041,0.125,0.192,0.759,0.789,0.884,1.152,0.28,0.196,-0.255,0.291,0.442,-0.259,0.27,-0.563,-0.389,0.001,-0.249,-0.369,-0.75
arcA,0.946,0.594,-0.548,0.496,-0.702,-0.571,0.202,0.027,0.214,0.637,0.128,0.215,0.156,0.341,-0.015,-0.059,0.665,0.322,-0.152,0.157,0.687,-0.293,0.231,0.701
